timestamp,household_id,consumption_kwh,temperature,humidity,is_weekend,hour_of_day
2025-06-26 01:49:51.871651,HH_000,1.379,22.5,37.9,False,0
2025-06-26 01:49:51.871651,HH_001,1.015,22.5,37.9,False,0
2025-06-26 01:49:51.871651,HH_002,1.142,22.5,37.9,False,0
2025-06-26 01:49:51.871651,HH_003,0.764,22.5,37.9,False,0
2025-06-26 01:49:51.871651,HH_004,1.22,22.5,37.9,False,0
2025-06-26 01:49:51.871651,HH_005,1.098,22.5,37.9,False,0
2025-06-26 01:49:51.871651,HH_006,0.964,22.5,37.9,False,0
2025-06-26 01:49:51.871651,HH_007,1.292,22.5,37.9,False,0
2025-06-26 01:49:51.871651,HH_008,1.625,22.5,37.9,False,0
2025-06-26 01:49:51.871651,HH_009,1.114,22.5,37.9,False,0
2025-06-26 01:49:51.871651,HH_010,1.245,22.5,37.9,False,0
2025-06-26 01:49:51.871651,HH_011,1.284,22.5,37.9,False,0
2025-06-26 01:49:51.871651,HH_012,1.055,22.5,37.9,False,0
2025-06-26 01:49:51.871651,HH_013,1.304,22.5,37.9,False,0
2025-06-26 01:49:51.871651,HH_014,1.126,22.5,37.9,False,0
2025-06-26 01:49:51.871651,HH_015,1.302,22.5,37.9,False,0
2025-06-26 01:49:51.871651,HH_016,1.271,22.5,37.9,False,0
2025-06-26 01:49:51.871651,HH_017,1.076,22.5,37.9,False,0
2025-06-26 01:49:51.871651,HH_018,1.544,22.5,37.9,False,0
2025-06-26 01:49:51.871651,HH_019,1.112,22.5,37.9,False,0
2025-06-26 01:49:51.871651,HH_020,1.446,22.5,37.9,False,0
2025-06-26 01:49:51.871651,HH_021,1.363,22.5,37.9,False,0
2025-06-26 01:49:51.871651,HH_022,1.133,22.5,37.9,False,0
2025-06-26 01:49:51.871651,HH_023,0.852,22.5,37.9,False,0
2025-06-26 01:49:51.871651,HH_024,1.056,22.5,37.9,False,0
2025-06-26 01:49:51.871651,HH_025,1.222,22.5,37.9,False,0
2025-06-26 01:49:51.871651,HH_026,1.282,22.5,37.9,False,0
2025-06-26 01:49:51.871651,HH_027,1.056,22.5,37.9,False,0
2025-06-26 01:49:51.871651,HH_028,1.223,22.5,37.9,False,0
2025-06-26 01:49:51.871651,HH_029,1.359,22.5,37.9,False,0
2025-06-26 01:49:51.871651,HH_030,1.449,22.5,37.9,False,0
2025-06-26 01:49:51.871651,HH_031,1.284,22.5,37.9,False,0
2025-06-26 01:49:51.871651,HH_032,1.1,22.5,37.9,False,0
2025-06-26 01:49:51.871651,HH_033,1.288,22.5,37.9,False,0
2025-06-26 01:49:51.871651,HH_034,1.145,22.5,37.9,False,0
2025-06-26 01:49:51.871651,HH_035,1.098,22.5,37.9,False,0
2025-06-26 01:49:51.871651,HH_036,1.257,22.5,37.9,False,0
2025-06-26 01:49:51.871651,HH_037,1.271,22.5,37.9,False,0
2025-06-26 01:49:51.871651,HH_038,1.171,22.5,37.9,False,0
2025-06-26 01:49:51.871651,HH_039,0.937,22.5,37.9,False,0
2025-06-26 01:49:51.871651,HH_040,1.407,22.5,37.9,False,0
2025-06-26 01:49:51.871651,HH_041,1.033,22.5,37.9,False,0
2025-06-26 01:49:51.871651,HH_042,1.407,22.5,37.9,False,0
2025-06-26 01:49:51.871651,HH_043,1.065,22.5,37.9,False,0
2025-06-26 01:49:51.871651,HH_044,1.06,22.5,37.9,False,0
2025-06-26 01:49:51.871651,HH_045,0.848,22.5,37.9,False,0
2025-06-26 01:49:51.871651,HH_046,1.059,22.5,37.9,False,0
2025-06-26 01:49:51.871651,HH_047,1.022,22.5,37.9,False,0
2025-06-26 01:49:51.871651,HH_048,1.08,22.5,37.9,False,0
2025-06-26 01:49:51.871651,HH_049,1.35,22.5,37.9,False,0
2025-06-26 01:49:51.871651,HH_050,1.558,22.5,37.9,False,0
2025-06-26 01:49:51.871651,HH_051,1.311,22.5,37.9,False,0
2025-06-26 01:49:51.871651,HH_052,1.025,22.5,37.9,False,0
2025-06-26 01:49:51.871651,HH_053,1.211,22.5,37.9,False,0
2025-06-26 01:49:51.871651,HH_054,1.192,22.5,37.9,False,0
2025-06-26 01:49:51.871651,HH_055,1.272,22.5,37.9,False,0
2025-06-26 01:49:51.871651,HH_056,1.046,22.5,37.9,False,0
2025-06-26 01:49:51.871651,HH_057,1.412,22.5,37.9,False,0
2025-06-26 01:49:51.871651,HH_058,0.957,22.5,37.9,False,0
2025-06-26 01:49:51.871651,HH_059,0.956,22.5,37.9,False,0
2025-06-26 01:49:51.871651,HH_060,1.357,22.5,37.9,False,0
2025-06-26 01:49:51.871651,HH_061,1.381,22.5,37.9,False,0
2025-06-26 01:49:51.871651,HH_062,1.375,22.5,37.9,False,0
2025-06-26 01:49:51.871651,HH_063,1.112,22.5,37.9,False,0
2025-06-26 01:49:51.871651,HH_064,1.001,22.5,37.9,False,0
2025-06-26 01:49:51.871651,HH_065,0.846,22.5,37.9,False,0
2025-06-26 01:49:51.871651,HH_066,1.002,22.5,37.9,False,0
2025-06-26 01:49:51.871651,HH_067,1.327,22.5,37.9,False,0
2025-06-26 01:49:51.871651,HH_068,1.408,22.5,37.9,False,0
2025-06-26 01:49:51.871651,HH_069,1.458,22.5,37.9,False,0
2025-06-26 01:49:51.871651,HH_070,1.427,22.5,37.9,False,0
2025-06-26 01:49:51.871651,HH_071,1.447,22.5,37.9,False,0
2025-06-26 01:49:51.871651,HH_072,1.154,22.5,37.9,False,0
2025-06-26 01:49:51.871651,HH_073,1.318,22.5,37.9,False,0
2025-06-26 01:49:51.871651,HH_074,1.17,22.5,37.9,False,0
2025-06-26 01:49:51.871651,HH_075,1.304,22.5,37.9,False,0
2025-06-26 01:49:51.871651,HH_076,1.498,22.5,37.9,False,0
2025-06-26 01:49:51.871651,HH_077,1.525,22.5,37.9,False,0
2025-06-26 01:49:51.871651,HH_078,0.912,22.5,37.9,False,0
2025-06-26 01:49:51.871651,HH_079,1.006,22.5,37.9,False,0
2025-06-26 01:49:51.871651,HH_080,1.635,22.5,37.9,False,0
2025-06-26 01:49:51.871651,HH_081,1.318,22.5,37.9,False,0
2025-06-26 01:49:51.871651,HH_082,0.939,22.5,37.9,False,0
2025-06-26 01:49:51.871651,HH_083,1.189,22.5,37.9,False,0
2025-06-26 01:49:51.871651,HH_084,1.296,22.5,37.9,False,0
2025-06-26 01:49:51.871651,HH_085,0.739,22.5,37.9,False,0
2025-06-26 01:49:51.871651,HH_086,1.29,22.5,37.9,False,0
2025-06-26 01:49:51.871651,HH_087,0.771,22.5,37.9,False,0
2025-06-26 01:49:51.871651,HH_088,1.213,22.5,37.9,False,0
2025-06-26 01:49:51.871651,HH_089,1.546,22.5,37.9,False,0
2025-06-26 01:49:51.871651,HH_090,1.215,22.5,37.9,False,0
2025-06-26 01:49:51.871651,HH_091,1.159,22.5,37.9,False,0
2025-06-26 01:49:51.871651,HH_092,1.187,22.5,37.9,False,0
2025-06-26 01:49:51.871651,HH_093,1.256,22.5,37.9,False,0
2025-06-26 01:49:51.871651,HH_094,0.68,22.5,37.9,False,0
2025-06-26 01:49:51.871651,HH_095,1.305,22.5,37.9,False,0
2025-06-26 01:49:51.871651,HH_096,1.048,22.5,37.9,False,0
2025-06-26 01:49:51.871651,HH_097,1.517,22.5,37.9,False,0
2025-06-26 01:49:51.871651,HH_098,1.522,22.5,37.9,False,0
2025-06-26 01:49:51.871651,HH_099,1.107,22.5,37.9,False,0
2025-06-26 02:49:51.871651,HH_000,0.899,18.7,40.6,False,1
2025-06-26 02:49:51.871651,HH_001,1.034,18.7,40.6,False,1
2025-06-26 02:49:51.871651,HH_002,0.798,18.7,40.6,False,1
2025-06-26 02:49:51.871651,HH_003,0.519,18.7,40.6,False,1
2025-06-26 02:49:51.871651,HH_004,0.813,18.7,40.6,False,1
2025-06-26 02:49:51.871651,HH_005,1.0,18.7,40.6,False,1
2025-06-26 02:49:51.871651,HH_006,0.5,18.7,40.6,False,1
2025-06-26 02:49:51.871651,HH_007,1.042,18.7,40.6,False,1
2025-06-26 02:49:51.871651,HH_008,0.525,18.7,40.6,False,1
2025-06-26 02:49:51.871651,HH_009,1.005,18.7,40.6,False,1
2025-06-26 02:49:51.871651,HH_010,0.401,18.7,40.6,False,1
2025-06-26 02:49:51.871651,HH_011,0.888,18.7,40.6,False,1
2025-06-26 02:49:51.871651,HH_012,0.66,18.7,40.6,False,1
2025-06-26 02:49:51.871651,HH_013,0.986,18.7,40.6,False,1
2025-06-26 02:49:51.871651,HH_014,0.946,18.7,40.6,False,1
2025-06-26 02:49:51.871651,HH_015,0.706,18.7,40.6,False,1
2025-06-26 02:49:51.871651,HH_016,0.367,18.7,40.6,False,1
2025-06-26 02:49:51.871651,HH_017,0.709,18.7,40.6,False,1
2025-06-26 02:49:51.871651,HH_018,0.601,18.7,40.6,False,1
2025-06-26 02:49:51.871651,HH_019,0.672,18.7,40.6,False,1
2025-06-26 02:49:51.871651,HH_020,0.357,18.7,40.6,False,1
2025-06-26 02:49:51.871651,HH_021,0.826,18.7,40.6,False,1
2025-06-26 02:49:51.871651,HH_022,0.574,18.7,40.6,False,1
2025-06-26 02:49:51.871651,HH_023,0.432,18.7,40.6,False,1
2025-06-26 02:49:51.871651,HH_024,1.004,18.7,40.6,False,1
2025-06-26 02:49:51.871651,HH_025,0.626,18.7,40.6,False,1
2025-06-26 02:49:51.871651,HH_026,0.369,18.7,40.6,False,1
2025-06-26 02:49:51.871651,HH_027,0.637,18.7,40.6,False,1
2025-06-26 02:49:51.871651,HH_028,0.661,18.7,40.6,False,1
2025-06-26 02:49:51.871651,HH_029,0.501,18.7,40.6,False,1
2025-06-26 02:49:51.871651,HH_030,0.718,18.7,40.6,False,1
2025-06-26 02:49:51.871651,HH_031,0.842,18.7,40.6,False,1
2025-06-26 02:49:51.871651,HH_032,0.679,18.7,40.6,False,1
2025-06-26 02:49:51.871651,HH_033,0.624,18.7,40.6,False,1
2025-06-26 02:49:51.871651,HH_034,0.84,18.7,40.6,False,1
2025-06-26 02:49:51.871651,HH_035,0.323,18.7,40.6,False,1
2025-06-26 02:49:51.871651,HH_036,0.974,18.7,40.6,False,1
2025-06-26 02:49:51.871651,HH_037,0.767,18.7,40.6,False,1
2025-06-26 02:49:51.871651,HH_038,0.603,18.7,40.6,False,1
2025-06-26 02:49:51.871651,HH_039,0.409,18.7,40.6,False,1
2025-06-26 02:49:51.871651,HH_040,0.692,18.7,40.6,False,1
2025-06-26 02:49:51.871651,HH_041,0.965,18.7,40.6,False,1
2025-06-26 02:49:51.871651,HH_042,1.014,18.7,40.6,False,1
2025-06-26 02:49:51.871651,HH_043,1.204,18.7,40.6,False,1
2025-06-26 02:49:51.871651,HH_044,0.879,18.7,40.6,False,1
2025-06-26 02:49:51.871651,HH_045,0.847,18.7,40.6,False,1
2025-06-26 02:49:51.871651,HH_046,0.505,18.7,40.6,False,1
2025-06-26 02:49:51.871651,HH_047,0.93,18.7,40.6,False,1
2025-06-26 02:49:51.871651,HH_048,0.607,18.7,40.6,False,1
2025-06-26 02:49:51.871651,HH_049,1.117,18.7,40.6,False,1
2025-06-26 02:49:51.871651,HH_050,0.96,18.7,40.6,False,1
2025-06-26 02:49:51.871651,HH_051,0.963,18.7,40.6,False,1
2025-06-26 02:49:51.871651,HH_052,0.813,18.7,40.6,False,1
2025-06-26 02:49:51.871651,HH_053,0.602,18.7,40.6,False,1
2025-06-26 02:49:51.871651,HH_054,0.926,18.7,40.6,False,1
2025-06-26 02:49:51.871651,HH_055,1.225,18.7,40.6,False,1
2025-06-26 02:49:51.871651,HH_056,0.612,18.7,40.6,False,1
2025-06-26 02:49:51.871651,HH_057,1.064,18.7,40.6,False,1
2025-06-26 02:49:51.871651,HH_058,0.453,18.7,40.6,False,1
2025-06-26 02:49:51.871651,HH_059,0.563,18.7,40.6,False,1
2025-06-26 02:49:51.871651,HH_060,0.464,18.7,40.6,False,1
2025-06-26 02:49:51.871651,HH_061,0.405,18.7,40.6,False,1
2025-06-26 02:49:51.871651,HH_062,0.909,18.7,40.6,False,1
2025-06-26 02:49:51.871651,HH_063,0.772,18.7,40.6,False,1
2025-06-26 02:49:51.871651,HH_064,0.776,18.7,40.6,False,1
2025-06-26 02:49:51.871651,HH_065,0.528,18.7,40.6,False,1
2025-06-26 02:49:51.871651,HH_066,0.628,18.7,40.6,False,1
2025-06-26 02:49:51.871651,HH_067,0.502,18.7,40.6,False,1
2025-06-26 02:49:51.871651,HH_068,0.943,18.7,40.6,False,1
2025-06-26 02:49:51.871651,HH_069,0.605,18.7,40.6,False,1
2025-06-26 02:49:51.871651,HH_070,0.737,18.7,40.6,False,1
2025-06-26 02:49:51.871651,HH_071,0.621,18.7,40.6,False,1
2025-06-26 02:49:51.871651,HH_072,0.492,18.7,40.6,False,1
2025-06-26 02:49:51.871651,HH_073,0.394,18.7,40.6,False,1
2025-06-26 02:49:51.871651,HH_074,0.674,18.7,40.6,False,1
2025-06-26 02:49:51.871651,HH_075,0.732,18.7,40.6,False,1
2025-06-26 02:49:51.871651,HH_076,0.891,18.7,40.6,False,1
2025-06-26 02:49:51.871651,HH_077,0.645,18.7,40.6,False,1
2025-06-26 02:49:51.871651,HH_078,0.974,18.7,40.6,False,1
2025-06-26 02:49:51.871651,HH_079,0.659,18.7,40.6,False,1
2025-06-26 02:49:51.871651,HH_080,0.834,18.7,40.6,False,1
2025-06-26 02:49:51.871651,HH_081,1.148,18.7,40.6,False,1
2025-06-26 02:49:51.871651,HH_082,0.562,18.7,40.6,False,1
2025-06-26 02:49:51.871651,HH_083,0.901,18.7,40.6,False,1
2025-06-26 02:49:51.871651,HH_084,0.532,18.7,40.6,False,1
2025-06-26 02:49:51.871651,HH_085,0.617,18.7,40.6,False,1
2025-06-26 02:49:51.871651,HH_086,0.767,18.7,40.6,False,1
2025-06-26 02:49:51.871651,HH_087,0.728,18.7,40.6,False,1
2025-06-26 02:49:51.871651,HH_088,0.874,18.7,40.6,False,1
2025-06-26 02:49:51.871651,HH_089,0.949,18.7,40.6,False,1
2025-06-26 02:49:51.871651,HH_090,1.068,18.7,40.6,False,1
2025-06-26 02:49:51.871651,HH_091,0.969,18.7,40.6,False,1
2025-06-26 02:49:51.871651,HH_092,0.559,18.7,40.6,False,1
2025-06-26 02:49:51.871651,HH_093,0.792,18.7,40.6,False,1
2025-06-26 02:49:51.871651,HH_094,0.703,18.7,40.6,False,1
2025-06-26 02:49:51.871651,HH_095,0.791,18.7,40.6,False,1
2025-06-26 02:49:51.871651,HH_096,0.605,18.7,40.6,False,1
2025-06-26 02:49:51.871651,HH_097,0.617,18.7,40.6,False,1
2025-06-26 02:49:51.871651,HH_098,0.796,18.7,40.6,False,1
2025-06-26 02:49:51.871651,HH_099,0.756,18.7,40.6,False,1
2025-06-26 03:49:51.871651,HH_000,0.815,19.5,51.9,False,2
2025-06-26 03:49:51.871651,HH_001,0.924,19.5,51.9,False,2
2025-06-26 03:49:51.871651,HH_002,1.204,19.5,51.9,False,2
2025-06-26 03:49:51.871651,HH_003,0.962,19.5,51.9,False,2
2025-06-26 03:49:51.871651,HH_004,0.956,19.5,51.9,False,2
2025-06-26 03:49:51.871651,HH_005,0.648,19.5,51.9,False,2
2025-06-26 03:49:51.871651,HH_006,1.001,19.5,51.9,False,2
2025-06-26 03:49:51.871651,HH_007,1.217,19.5,51.9,False,2
2025-06-26 03:49:51.871651,HH_008,1.132,19.5,51.9,False,2
2025-06-26 03:49:51.871651,HH_009,1.012,19.5,51.9,False,2
2025-06-26 03:49:51.871651,HH_010,1.256,19.5,51.9,False,2
2025-06-26 03:49:51.871651,HH_011,0.901,19.5,51.9,False,2
2025-06-26 03:49:51.871651,HH_012,1.203,19.5,51.9,False,2
2025-06-26 03:49:51.871651,HH_013,0.833,19.5,51.9,False,2
2025-06-26 03:49:51.871651,HH_014,1.105,19.5,51.9,False,2
2025-06-26 03:49:51.871651,HH_015,0.982,19.5,51.9,False,2
2025-06-26 03:49:51.871651,HH_016,1.171,19.5,51.9,False,2
2025-06-26 03:49:51.871651,HH_017,0.556,19.5,51.9,False,2
2025-06-26 03:49:51.871651,HH_018,0.961,19.5,51.9,False,2
2025-06-26 03:49:51.871651,HH_019,1.171,19.5,51.9,False,2
2025-06-26 03:49:51.871651,HH_020,0.956,19.5,51.9,False,2
2025-06-26 03:49:51.871651,HH_021,0.617,19.5,51.9,False,2
2025-06-26 03:49:51.871651,HH_022,1.221,19.5,51.9,False,2
2025-06-26 03:49:51.871651,HH_023,1.21,19.5,51.9,False,2
2025-06-26 03:49:51.871651,HH_024,1.397,19.5,51.9,False,2
2025-06-26 03:49:51.871651,HH_025,0.888,19.5,51.9,False,2
2025-06-26 03:49:51.871651,HH_026,0.657,19.5,51.9,False,2
2025-06-26 03:49:51.871651,HH_027,1.018,19.5,51.9,False,2
2025-06-26 03:49:51.871651,HH_028,0.899,19.5,51.9,False,2
2025-06-26 03:49:51.871651,HH_029,0.82,19.5,51.9,False,2
2025-06-26 03:49:51.871651,HH_030,0.823,19.5,51.9,False,2
2025-06-26 03:49:51.871651,HH_031,0.99,19.5,51.9,False,2
2025-06-26 03:49:51.871651,HH_032,1.094,19.5,51.9,False,2
2025-06-26 03:49:51.871651,HH_033,1.178,19.5,51.9,False,2
2025-06-26 03:49:51.871651,HH_034,0.742,19.5,51.9,False,2
2025-06-26 03:49:51.871651,HH_035,0.868,19.5,51.9,False,2
2025-06-26 03:49:51.871651,HH_036,0.907,19.5,51.9,False,2
2025-06-26 03:49:51.871651,HH_037,0.874,19.5,51.9,False,2
2025-06-26 03:49:51.871651,HH_038,1.037,19.5,51.9,False,2
2025-06-26 03:49:51.871651,HH_039,1.095,19.5,51.9,False,2
2025-06-26 03:49:51.871651,HH_040,0.986,19.5,51.9,False,2
2025-06-26 03:49:51.871651,HH_041,1.213,19.5,51.9,False,2
2025-06-26 03:49:51.871651,HH_042,1.458,19.5,51.9,False,2
2025-06-26 03:49:51.871651,HH_043,0.91,19.5,51.9,False,2
2025-06-26 03:49:51.871651,HH_044,0.999,19.5,51.9,False,2
2025-06-26 03:49:51.871651,HH_045,0.721,19.5,51.9,False,2
2025-06-26 03:49:51.871651,HH_046,1.015,19.5,51.9,False,2
2025-06-26 03:49:51.871651,HH_047,0.969,19.5,51.9,False,2
2025-06-26 03:49:51.871651,HH_048,0.804,19.5,51.9,False,2
2025-06-26 03:49:51.871651,HH_049,0.73,19.5,51.9,False,2
2025-06-26 03:49:51.871651,HH_050,0.95,19.5,51.9,False,2
2025-06-26 03:49:51.871651,HH_051,0.956,19.5,51.9,False,2
2025-06-26 03:49:51.871651,HH_052,0.935,19.5,51.9,False,2
2025-06-26 03:49:51.871651,HH_053,0.565,19.5,51.9,False,2
2025-06-26 03:49:51.871651,HH_054,1.432,19.5,51.9,False,2
2025-06-26 03:49:51.871651,HH_055,1.292,19.5,51.9,False,2
2025-06-26 03:49:51.871651,HH_056,1.043,19.5,51.9,False,2
2025-06-26 03:49:51.871651,HH_057,0.869,19.5,51.9,False,2
2025-06-26 03:49:51.871651,HH_058,0.95,19.5,51.9,False,2
2025-06-26 03:49:51.871651,HH_059,0.932,19.5,51.9,False,2
2025-06-26 03:49:51.871651,HH_060,0.998,19.5,51.9,False,2
2025-06-26 03:49:51.871651,HH_061,0.932,19.5,51.9,False,2
2025-06-26 03:49:51.871651,HH_062,0.79,19.5,51.9,False,2
2025-06-26 03:49:51.871651,HH_063,0.923,19.5,51.9,False,2
2025-06-26 03:49:51.871651,HH_064,1.278,19.5,51.9,False,2
2025-06-26 03:49:51.871651,HH_065,0.699,19.5,51.9,False,2
2025-06-26 03:49:51.871651,HH_066,1.255,19.5,51.9,False,2
2025-06-26 03:49:51.871651,HH_067,1.125,19.5,51.9,False,2
2025-06-26 03:49:51.871651,HH_068,0.997,19.5,51.9,False,2
2025-06-26 03:49:51.871651,HH_069,1.112,19.5,51.9,False,2
2025-06-26 03:49:51.871651,HH_070,0.965,19.5,51.9,False,2
2025-06-26 03:49:51.871651,HH_071,0.694,19.5,51.9,False,2
2025-06-26 03:49:51.871651,HH_072,0.88,19.5,51.9,False,2
2025-06-26 03:49:51.871651,HH_073,0.853,19.5,51.9,False,2
2025-06-26 03:49:51.871651,HH_074,0.944,19.5,51.9,False,2
2025-06-26 03:49:51.871651,HH_075,1.07,19.5,51.9,False,2
2025-06-26 03:49:51.871651,HH_076,0.602,19.5,51.9,False,2
2025-06-26 03:49:51.871651,HH_077,0.906,19.5,51.9,False,2
2025-06-26 03:49:51.871651,HH_078,0.857,19.5,51.9,False,2
2025-06-26 03:49:51.871651,HH_079,0.716,19.5,51.9,False,2
2025-06-26 03:49:51.871651,HH_080,1.12,19.5,51.9,False,2
2025-06-26 03:49:51.871651,HH_081,1.212,19.5,51.9,False,2
2025-06-26 03:49:51.871651,HH_082,1.428,19.5,51.9,False,2
2025-06-26 03:49:51.871651,HH_083,0.599,19.5,51.9,False,2
2025-06-26 03:49:51.871651,HH_084,0.75,19.5,51.9,False,2
2025-06-26 03:49:51.871651,HH_085,0.858,19.5,51.9,False,2
2025-06-26 03:49:51.871651,HH_086,0.793,19.5,51.9,False,2
2025-06-26 03:49:51.871651,HH_087,0.995,19.5,51.9,False,2
2025-06-26 03:49:51.871651,HH_088,1.07,19.5,51.9,False,2
2025-06-26 03:49:51.871651,HH_089,1.157,19.5,51.9,False,2
2025-06-26 03:49:51.871651,HH_090,1.103,19.5,51.9,False,2
2025-06-26 03:49:51.871651,HH_091,1.131,19.5,51.9,False,2
2025-06-26 03:49:51.871651,HH_092,1.078,19.5,51.9,False,2
2025-06-26 03:49:51.871651,HH_093,0.965,19.5,51.9,False,2
2025-06-26 03:49:51.871651,HH_094,0.879,19.5,51.9,False,2
2025-06-26 03:49:51.871651,HH_095,1.033,19.5,51.9,False,2
2025-06-26 03:49:51.871651,HH_096,1.312,19.5,51.9,False,2
2025-06-26 03:49:51.871651,HH_097,0.784,19.5,51.9,False,2
2025-06-26 03:49:51.871651,HH_098,1.087,19.5,51.9,False,2
2025-06-26 03:49:51.871651,HH_099,0.962,19.5,51.9,False,2
2025-06-26 04:49:51.871651,HH_000,0.778,21.3,45.8,False,3
2025-06-26 04:49:51.871651,HH_001,1.226,21.3,45.8,False,3
2025-06-26 04:49:51.871651,HH_002,1.298,21.3,45.8,False,3
2025-06-26 04:49:51.871651,HH_003,1.031,21.3,45.8,False,3
2025-06-26 04:49:51.871651,HH_004,1.652,21.3,45.8,False,3
2025-06-26 04:49:51.871651,HH_005,0.991,21.3,45.8,False,3
2025-06-26 04:49:51.871651,HH_006,0.641,21.3,45.8,False,3
2025-06-26 04:49:51.871651,HH_007,1.067,21.3,45.8,False,3
2025-06-26 04:49:51.871651,HH_008,0.667,21.3,45.8,False,3
2025-06-26 04:49:51.871651,HH_009,1.544,21.3,45.8,False,3
2025-06-26 04:49:51.871651,HH_010,1.022,21.3,45.8,False,3
2025-06-26 04:49:51.871651,HH_011,1.118,21.3,45.8,False,3
2025-06-26 04:49:51.871651,HH_012,0.907,21.3,45.8,False,3
2025-06-26 04:49:51.871651,HH_013,1.573,21.3,45.8,False,3
2025-06-26 04:49:51.871651,HH_014,0.626,21.3,45.8,False,3
2025-06-26 04:49:51.871651,HH_015,0.808,21.3,45.8,False,3
2025-06-26 04:49:51.871651,HH_016,1.125,21.3,45.8,False,3
2025-06-26 04:49:51.871651,HH_017,1.32,21.3,45.8,False,3
2025-06-26 04:49:51.871651,HH_018,0.945,21.3,45.8,False,3
2025-06-26 04:49:51.871651,HH_019,0.851,21.3,45.8,False,3
2025-06-26 04:49:51.871651,HH_020,0.957,21.3,45.8,False,3
2025-06-26 04:49:51.871651,HH_021,0.947,21.3,45.8,False,3
2025-06-26 04:49:51.871651,HH_022,1.202,21.3,45.8,False,3
2025-06-26 04:49:51.871651,HH_023,0.927,21.3,45.8,False,3
2025-06-26 04:49:51.871651,HH_024,0.967,21.3,45.8,False,3
2025-06-26 04:49:51.871651,HH_025,0.967,21.3,45.8,False,3
2025-06-26 04:49:51.871651,HH_026,1.014,21.3,45.8,False,3
2025-06-26 04:49:51.871651,HH_027,1.105,21.3,45.8,False,3
2025-06-26 04:49:51.871651,HH_028,1.138,21.3,45.8,False,3
2025-06-26 04:49:51.871651,HH_029,1.109,21.3,45.8,False,3
2025-06-26 04:49:51.871651,HH_030,0.836,21.3,45.8,False,3
2025-06-26 04:49:51.871651,HH_031,0.882,21.3,45.8,False,3
2025-06-26 04:49:51.871651,HH_032,1.164,21.3,45.8,False,3
2025-06-26 04:49:51.871651,HH_033,0.792,21.3,45.8,False,3
2025-06-26 04:49:51.871651,HH_034,1.145,21.3,45.8,False,3
2025-06-26 04:49:51.871651,HH_035,1.399,21.3,45.8,False,3
2025-06-26 04:49:51.871651,HH_036,0.95,21.3,45.8,False,3
2025-06-26 04:49:51.871651,HH_037,1.058,21.3,45.8,False,3
2025-06-26 04:49:51.871651,HH_038,0.845,21.3,45.8,False,3
2025-06-26 04:49:51.871651,HH_039,0.738,21.3,45.8,False,3
2025-06-26 04:49:51.871651,HH_040,1.314,21.3,45.8,False,3
2025-06-26 04:49:51.871651,HH_041,0.754,21.3,45.8,False,3
2025-06-26 04:49:51.871651,HH_042,1.034,21.3,45.8,False,3
2025-06-26 04:49:51.871651,HH_043,1.123,21.3,45.8,False,3
2025-06-26 04:49:51.871651,HH_044,0.999,21.3,45.8,False,3
2025-06-26 04:49:51.871651,HH_045,1.209,21.3,45.8,False,3
2025-06-26 04:49:51.871651,HH_046,0.873,21.3,45.8,False,3
2025-06-26 04:49:51.871651,HH_047,1.182,21.3,45.8,False,3
2025-06-26 04:49:51.871651,HH_048,1.131,21.3,45.8,False,3
2025-06-26 04:49:51.871651,HH_049,0.73,21.3,45.8,False,3
2025-06-26 04:49:51.871651,HH_050,1.158,21.3,45.8,False,3
2025-06-26 04:49:51.871651,HH_051,1.125,21.3,45.8,False,3
2025-06-26 04:49:51.871651,HH_052,1.255,21.3,45.8,False,3
2025-06-26 04:49:51.871651,HH_053,1.156,21.3,45.8,False,3
2025-06-26 04:49:51.871651,HH_054,0.883,21.3,45.8,False,3
2025-06-26 04:49:51.871651,HH_055,1.44,21.3,45.8,False,3
2025-06-26 04:49:51.871651,HH_056,1.087,21.3,45.8,False,3
2025-06-26 04:49:51.871651,HH_057,0.925,21.3,45.8,False,3
2025-06-26 04:49:51.871651,HH_058,1.068,21.3,45.8,False,3
2025-06-26 04:49:51.871651,HH_059,0.904,21.3,45.8,False,3
2025-06-26 04:49:51.871651,HH_060,1.132,21.3,45.8,False,3
2025-06-26 04:49:51.871651,HH_061,0.932,21.3,45.8,False,3
2025-06-26 04:49:51.871651,HH_062,1.004,21.3,45.8,False,3
2025-06-26 04:49:51.871651,HH_063,1.212,21.3,45.8,False,3
2025-06-26 04:49:51.871651,HH_064,0.92,21.3,45.8,False,3
2025-06-26 04:49:51.871651,HH_065,1.093,21.3,45.8,False,3
2025-06-26 04:49:51.871651,HH_066,0.907,21.3,45.8,False,3
2025-06-26 04:49:51.871651,HH_067,1.013,21.3,45.8,False,3
2025-06-26 04:49:51.871651,HH_068,0.962,21.3,45.8,False,3
2025-06-26 04:49:51.871651,HH_069,0.763,21.3,45.8,False,3
2025-06-26 04:49:51.871651,HH_070,0.971,21.3,45.8,False,3
2025-06-26 04:49:51.871651,HH_071,0.959,21.3,45.8,False,3
2025-06-26 04:49:51.871651,HH_072,1.024,21.3,45.8,False,3
2025-06-26 04:49:51.871651,HH_073,0.829,21.3,45.8,False,3
2025-06-26 04:49:51.871651,HH_074,0.806,21.3,45.8,False,3
2025-06-26 04:49:51.871651,HH_075,0.882,21.3,45.8,False,3
2025-06-26 04:49:51.871651,HH_076,1.014,21.3,45.8,False,3
2025-06-26 04:49:51.871651,HH_077,1.372,21.3,45.8,False,3
2025-06-26 04:49:51.871651,HH_078,1.176,21.3,45.8,False,3
2025-06-26 04:49:51.871651,HH_079,1.274,21.3,45.8,False,3
2025-06-26 04:49:51.871651,HH_080,0.937,21.3,45.8,False,3
2025-06-26 04:49:51.871651,HH_081,0.994,21.3,45.8,False,3
2025-06-26 04:49:51.871651,HH_082,0.904,21.3,45.8,False,3
2025-06-26 04:49:51.871651,HH_083,0.842,21.3,45.8,False,3
2025-06-26 04:49:51.871651,HH_084,1.067,21.3,45.8,False,3
2025-06-26 04:49:51.871651,HH_085,1.634,21.3,45.8,False,3
2025-06-26 04:49:51.871651,HH_086,0.428,21.3,45.8,False,3
2025-06-26 04:49:51.871651,HH_087,0.824,21.3,45.8,False,3
2025-06-26 04:49:51.871651,HH_088,1.147,21.3,45.8,False,3
2025-06-26 04:49:51.871651,HH_089,1.026,21.3,45.8,False,3
2025-06-26 04:49:51.871651,HH_090,0.941,21.3,45.8,False,3
2025-06-26 04:49:51.871651,HH_091,0.995,21.3,45.8,False,3
2025-06-26 04:49:51.871651,HH_092,1.096,21.3,45.8,False,3
2025-06-26 04:49:51.871651,HH_093,1.114,21.3,45.8,False,3
2025-06-26 04:49:51.871651,HH_094,1.284,21.3,45.8,False,3
2025-06-26 04:49:51.871651,HH_095,0.995,21.3,45.8,False,3
2025-06-26 04:49:51.871651,HH_096,1.301,21.3,45.8,False,3
2025-06-26 04:49:51.871651,HH_097,1.219,21.3,45.8,False,3
2025-06-26 04:49:51.871651,HH_098,1.121,21.3,45.8,False,3
2025-06-26 04:49:51.871651,HH_099,1.346,21.3,45.8,False,3
2025-06-26 05:49:51.871651,HH_000,0.79,23.0,39.3,False,4
2025-06-26 05:49:51.871651,HH_001,0.581,23.0,39.3,False,4
2025-06-26 05:49:51.871651,HH_002,0.525,23.0,39.3,False,4
2025-06-26 05:49:51.871651,HH_003,0.477,23.0,39.3,False,4
2025-06-26 05:49:51.871651,HH_004,0.535,23.0,39.3,False,4
2025-06-26 05:49:51.871651,HH_005,0.177,23.0,39.3,False,4
2025-06-26 05:49:51.871651,HH_006,0.591,23.0,39.3,False,4
2025-06-26 05:49:51.871651,HH_007,1.068,23.0,39.3,False,4
2025-06-26 05:49:51.871651,HH_008,0.579,23.0,39.3,False,4
2025-06-26 05:49:51.871651,HH_009,0.364,23.0,39.3,False,4
2025-06-26 05:49:51.871651,HH_010,0.662,23.0,39.3,False,4
2025-06-26 05:49:51.871651,HH_011,0.576,23.0,39.3,False,4
2025-06-26 05:49:51.871651,HH_012,0.245,23.0,39.3,False,4
2025-06-26 05:49:51.871651,HH_013,0.812,23.0,39.3,False,4
2025-06-26 05:49:51.871651,HH_014,0.256,23.0,39.3,False,4
2025-06-26 05:49:51.871651,HH_015,0.597,23.0,39.3,False,4
2025-06-26 05:49:51.871651,HH_016,0.631,23.0,39.3,False,4
2025-06-26 05:49:51.871651,HH_017,0.758,23.0,39.3,False,4
2025-06-26 05:49:51.871651,HH_018,0.413,23.0,39.3,False,4
2025-06-26 05:49:51.871651,HH_019,0.159,23.0,39.3,False,4
2025-06-26 05:49:51.871651,HH_020,0.744,23.0,39.3,False,4
2025-06-26 05:49:51.871651,HH_021,0.564,23.0,39.3,False,4
2025-06-26 05:49:51.871651,HH_022,0.52,23.0,39.3,False,4
2025-06-26 05:49:51.871651,HH_023,0.309,23.0,39.3,False,4
2025-06-26 05:49:51.871651,HH_024,0.461,23.0,39.3,False,4
2025-06-26 05:49:51.871651,HH_025,0.435,23.0,39.3,False,4
2025-06-26 05:49:51.871651,HH_026,0.862,23.0,39.3,False,4
2025-06-26 05:49:51.871651,HH_027,0.725,23.0,39.3,False,4
2025-06-26 05:49:51.871651,HH_028,0.601,23.0,39.3,False,4
2025-06-26 05:49:51.871651,HH_029,0.744,23.0,39.3,False,4
2025-06-26 05:49:51.871651,HH_030,0.811,23.0,39.3,False,4
2025-06-26 05:49:51.871651,HH_031,0.255,23.0,39.3,False,4
2025-06-26 05:49:51.871651,HH_032,1.041,23.0,39.3,False,4
2025-06-26 05:49:51.871651,HH_033,0.517,23.0,39.3,False,4
2025-06-26 05:49:51.871651,HH_034,0.713,23.0,39.3,False,4
2025-06-26 05:49:51.871651,HH_035,0.721,23.0,39.3,False,4
2025-06-26 05:49:51.871651,HH_036,0.641,23.0,39.3,False,4
2025-06-26 05:49:51.871651,HH_037,0.6,23.0,39.3,False,4
2025-06-26 05:49:51.871651,HH_038,0.535,23.0,39.3,False,4
2025-06-26 05:49:51.871651,HH_039,0.753,23.0,39.3,False,4
2025-06-26 05:49:51.871651,HH_040,0.855,23.0,39.3,False,4
2025-06-26 05:49:51.871651,HH_041,0.946,23.0,39.3,False,4
2025-06-26 05:49:51.871651,HH_042,0.479,23.0,39.3,False,4
2025-06-26 05:49:51.871651,HH_043,0.568,23.0,39.3,False,4
2025-06-26 05:49:51.871651,HH_044,0.483,23.0,39.3,False,4
2025-06-26 05:49:51.871651,HH_045,0.728,23.0,39.3,False,4
2025-06-26 05:49:51.871651,HH_046,0.762,23.0,39.3,False,4
2025-06-26 05:49:51.871651,HH_047,0.759,23.0,39.3,False,4
2025-06-26 05:49:51.871651,HH_048,0.702,23.0,39.3,False,4
2025-06-26 05:49:51.871651,HH_049,0.143,23.0,39.3,False,4
2025-06-26 05:49:51.871651,HH_050,0.613,23.0,39.3,False,4
2025-06-26 05:49:51.871651,HH_051,0.584,23.0,39.3,False,4
2025-06-26 05:49:51.871651,HH_052,0.576,23.0,39.3,False,4
2025-06-26 05:49:51.871651,HH_053,0.871,23.0,39.3,False,4
2025-06-26 05:49:51.871651,HH_054,0.33,23.0,39.3,False,4
2025-06-26 05:49:51.871651,HH_055,0.544,23.0,39.3,False,4
2025-06-26 05:49:51.871651,HH_056,0.746,23.0,39.3,False,4
2025-06-26 05:49:51.871651,HH_057,0.44,23.0,39.3,False,4
2025-06-26 05:49:51.871651,HH_058,0.759,23.0,39.3,False,4
2025-06-26 05:49:51.871651,HH_059,0.485,23.0,39.3,False,4
2025-06-26 05:49:51.871651,HH_060,0.337,23.0,39.3,False,4
2025-06-26 05:49:51.871651,HH_061,0.6,23.0,39.3,False,4
2025-06-26 05:49:51.871651,HH_062,0.38,23.0,39.3,False,4
2025-06-26 05:49:51.871651,HH_063,0.658,23.0,39.3,False,4
2025-06-26 05:49:51.871651,HH_064,0.647,23.0,39.3,False,4
2025-06-26 05:49:51.871651,HH_065,0.858,23.0,39.3,False,4
2025-06-26 05:49:51.871651,HH_066,0.419,23.0,39.3,False,4
2025-06-26 05:49:51.871651,HH_067,0.785,23.0,39.3,False,4
2025-06-26 05:49:51.871651,HH_068,0.706,23.0,39.3,False,4
2025-06-26 05:49:51.871651,HH_069,0.74,23.0,39.3,False,4
2025-06-26 05:49:51.871651,HH_070,0.329,23.0,39.3,False,4
2025-06-26 05:49:51.871651,HH_071,0.495,23.0,39.3,False,4
2025-06-26 05:49:51.871651,HH_072,0.521,23.0,39.3,False,4
2025-06-26 05:49:51.871651,HH_073,0.7,23.0,39.3,False,4
2025-06-26 05:49:51.871651,HH_074,0.672,23.0,39.3,False,4
2025-06-26 05:49:51.871651,HH_075,0.463,23.0,39.3,False,4
2025-06-26 05:49:51.871651,HH_076,0.404,23.0,39.3,False,4
2025-06-26 05:49:51.871651,HH_077,0.526,23.0,39.3,False,4
2025-06-26 05:49:51.871651,HH_078,0.409,23.0,39.3,False,4
2025-06-26 05:49:51.871651,HH_079,0.604,23.0,39.3,False,4
2025-06-26 05:49:51.871651,HH_080,0.356,23.0,39.3,False,4
2025-06-26 05:49:51.871651,HH_081,0.561,23.0,39.3,False,4
2025-06-26 05:49:51.871651,HH_082,0.182,23.0,39.3,False,4
2025-06-26 05:49:51.871651,HH_083,0.642,23.0,39.3,False,4
2025-06-26 05:49:51.871651,HH_084,0.263,23.0,39.3,False,4
2025-06-26 05:49:51.871651,HH_085,0.786,23.0,39.3,False,4
2025-06-26 05:49:51.871651,HH_086,0.738,23.0,39.3,False,4
2025-06-26 05:49:51.871651,HH_087,0.687,23.0,39.3,False,4
2025-06-26 05:49:51.871651,HH_088,0.623,23.0,39.3,False,4
2025-06-26 05:49:51.871651,HH_089,0.388,23.0,39.3,False,4
2025-06-26 05:49:51.871651,HH_090,0.224,23.0,39.3,False,4
2025-06-26 05:49:51.871651,HH_091,0.49,23.0,39.3,False,4
2025-06-26 05:49:51.871651,HH_092,0.663,23.0,39.3,False,4
2025-06-26 05:49:51.871651,HH_093,0.607,23.0,39.3,False,4
2025-06-26 05:49:51.871651,HH_094,0.747,23.0,39.3,False,4
2025-06-26 05:49:51.871651,HH_095,0.731,23.0,39.3,False,4
2025-06-26 05:49:51.871651,HH_096,0.701,23.0,39.3,False,4
2025-06-26 05:49:51.871651,HH_097,0.609,23.0,39.3,False,4
2025-06-26 05:49:51.871651,HH_098,0.67,23.0,39.3,False,4
2025-06-26 05:49:51.871651,HH_099,0.461,23.0,39.3,False,4
2025-06-26 06:49:51.871651,HH_000,0.802,20.9,48.4,False,5
2025-06-26 06:49:51.871651,HH_001,0.802,20.9,48.4,False,5
2025-06-26 06:49:51.871651,HH_002,0.408,20.9,48.4,False,5
2025-06-26 06:49:51.871651,HH_003,0.748,20.9,48.4,False,5
2025-06-26 06:49:51.871651,HH_004,0.537,20.9,48.4,False,5
2025-06-26 06:49:51.871651,HH_005,0.829,20.9,48.4,False,5
2025-06-26 06:49:51.871651,HH_006,0.768,20.9,48.4,False,5
2025-06-26 06:49:51.871651,HH_007,1.021,20.9,48.4,False,5
2025-06-26 06:49:51.871651,HH_008,0.675,20.9,48.4,False,5
2025-06-26 06:49:51.871651,HH_009,0.873,20.9,48.4,False,5
2025-06-26 06:49:51.871651,HH_010,1.024,20.9,48.4,False,5
2025-06-26 06:49:51.871651,HH_011,0.562,20.9,48.4,False,5
2025-06-26 06:49:51.871651,HH_012,0.351,20.9,48.4,False,5
2025-06-26 06:49:51.871651,HH_013,0.645,20.9,48.4,False,5
2025-06-26 06:49:51.871651,HH_014,0.865,20.9,48.4,False,5
2025-06-26 06:49:51.871651,HH_015,0.553,20.9,48.4,False,5
2025-06-26 06:49:51.871651,HH_016,0.792,20.9,48.4,False,5
2025-06-26 06:49:51.871651,HH_017,0.884,20.9,48.4,False,5
2025-06-26 06:49:51.871651,HH_018,1.058,20.9,48.4,False,5
2025-06-26 06:49:51.871651,HH_019,0.642,20.9,48.4,False,5
2025-06-26 06:49:51.871651,HH_020,0.976,20.9,48.4,False,5
2025-06-26 06:49:51.871651,HH_021,0.426,20.9,48.4,False,5
2025-06-26 06:49:51.871651,HH_022,0.647,20.9,48.4,False,5
2025-06-26 06:49:51.871651,HH_023,0.827,20.9,48.4,False,5
2025-06-26 06:49:51.871651,HH_024,0.498,20.9,48.4,False,5
2025-06-26 06:49:51.871651,HH_025,0.926,20.9,48.4,False,5
2025-06-26 06:49:51.871651,HH_026,0.723,20.9,48.4,False,5
2025-06-26 06:49:51.871651,HH_027,0.82,20.9,48.4,False,5
2025-06-26 06:49:51.871651,HH_028,0.908,20.9,48.4,False,5
2025-06-26 06:49:51.871651,HH_029,1.014,20.9,48.4,False,5
2025-06-26 06:49:51.871651,HH_030,0.385,20.9,48.4,False,5
2025-06-26 06:49:51.871651,HH_031,0.521,20.9,48.4,False,5
2025-06-26 06:49:51.871651,HH_032,1.368,20.9,48.4,False,5
2025-06-26 06:49:51.871651,HH_033,0.643,20.9,48.4,False,5
2025-06-26 06:49:51.871651,HH_034,0.668,20.9,48.4,False,5
2025-06-26 06:49:51.871651,HH_035,0.763,20.9,48.4,False,5
2025-06-26 06:49:51.871651,HH_036,0.167,20.9,48.4,False,5
2025-06-26 06:49:51.871651,HH_037,0.637,20.9,48.4,False,5
2025-06-26 06:49:51.871651,HH_038,0.735,20.9,48.4,False,5
2025-06-26 06:49:51.871651,HH_039,0.735,20.9,48.4,False,5
2025-06-26 06:49:51.871651,HH_040,0.545,20.9,48.4,False,5
2025-06-26 06:49:51.871651,HH_041,0.41,20.9,48.4,False,5
2025-06-26 06:49:51.871651,HH_042,1.07,20.9,48.4,False,5
2025-06-26 06:49:51.871651,HH_043,0.829,20.9,48.4,False,5
2025-06-26 06:49:51.871651,HH_044,0.63,20.9,48.4,False,5
2025-06-26 06:49:51.871651,HH_045,0.462,20.9,48.4,False,5
2025-06-26 06:49:51.871651,HH_046,0.621,20.9,48.4,False,5
2025-06-26 06:49:51.871651,HH_047,0.888,20.9,48.4,False,5
2025-06-26 06:49:51.871651,HH_048,0.638,20.9,48.4,False,5
2025-06-26 06:49:51.871651,HH_049,0.988,20.9,48.4,False,5
2025-06-26 06:49:51.871651,HH_050,0.642,20.9,48.4,False,5
2025-06-26 06:49:51.871651,HH_051,0.578,20.9,48.4,False,5
2025-06-26 06:49:51.871651,HH_052,0.725,20.9,48.4,False,5
2025-06-26 06:49:51.871651,HH_053,0.524,20.9,48.4,False,5
2025-06-26 06:49:51.871651,HH_054,0.511,20.9,48.4,False,5
2025-06-26 06:49:51.871651,HH_055,0.795,20.9,48.4,False,5
2025-06-26 06:49:51.871651,HH_056,0.631,20.9,48.4,False,5
2025-06-26 06:49:51.871651,HH_057,0.49,20.9,48.4,False,5
2025-06-26 06:49:51.871651,HH_058,0.665,20.9,48.4,False,5
2025-06-26 06:49:51.871651,HH_059,1.173,20.9,48.4,False,5
2025-06-26 06:49:51.871651,HH_060,0.383,20.9,48.4,False,5
2025-06-26 06:49:51.871651,HH_061,0.855,20.9,48.4,False,5
2025-06-26 06:49:51.871651,HH_062,0.628,20.9,48.4,False,5
2025-06-26 06:49:51.871651,HH_063,0.529,20.9,48.4,False,5
2025-06-26 06:49:51.871651,HH_064,0.511,20.9,48.4,False,5
2025-06-26 06:49:51.871651,HH_065,0.718,20.9,48.4,False,5
2025-06-26 06:49:51.871651,HH_066,0.635,20.9,48.4,False,5
2025-06-26 06:49:51.871651,HH_067,0.737,20.9,48.4,False,5
2025-06-26 06:49:51.871651,HH_068,0.747,20.9,48.4,False,5
2025-06-26 06:49:51.871651,HH_069,0.608,20.9,48.4,False,5
2025-06-26 06:49:51.871651,HH_070,0.57,20.9,48.4,False,5
2025-06-26 06:49:51.871651,HH_071,0.884,20.9,48.4,False,5
2025-06-26 06:49:51.871651,HH_072,0.539,20.9,48.4,False,5
2025-06-26 06:49:51.871651,HH_073,0.387,20.9,48.4,False,5
2025-06-26 06:49:51.871651,HH_074,0.895,20.9,48.4,False,5
2025-06-26 06:49:51.871651,HH_075,0.871,20.9,48.4,False,5
2025-06-26 06:49:51.871651,HH_076,0.448,20.9,48.4,False,5
2025-06-26 06:49:51.871651,HH_077,1.01,20.9,48.4,False,5
2025-06-26 06:49:51.871651,HH_078,0.918,20.9,48.4,False,5
2025-06-26 06:49:51.871651,HH_079,0.998,20.9,48.4,False,5
2025-06-26 06:49:51.871651,HH_080,0.651,20.9,48.4,False,5
2025-06-26 06:49:51.871651,HH_081,0.796,20.9,48.4,False,5
2025-06-26 06:49:51.871651,HH_082,0.644,20.9,48.4,False,5
2025-06-26 06:49:51.871651,HH_083,0.715,20.9,48.4,False,5
2025-06-26 06:49:51.871651,HH_084,0.845,20.9,48.4,False,5
2025-06-26 06:49:51.871651,HH_085,1.063,20.9,48.4,False,5
2025-06-26 06:49:51.871651,HH_086,0.591,20.9,48.4,False,5
2025-06-26 06:49:51.871651,HH_087,0.39,20.9,48.4,False,5
2025-06-26 06:49:51.871651,HH_088,0.499,20.9,48.4,False,5
2025-06-26 06:49:51.871651,HH_089,0.948,20.9,48.4,False,5
2025-06-26 06:49:51.871651,HH_090,0.675,20.9,48.4,False,5
2025-06-26 06:49:51.871651,HH_091,0.793,20.9,48.4,False,5
2025-06-26 06:49:51.871651,HH_092,0.675,20.9,48.4,False,5
2025-06-26 06:49:51.871651,HH_093,0.662,20.9,48.4,False,5
2025-06-26 06:49:51.871651,HH_094,0.93,20.9,48.4,False,5
2025-06-26 06:49:51.871651,HH_095,0.781,20.9,48.4,False,5
2025-06-26 06:49:51.871651,HH_096,0.665,20.9,48.4,False,5
2025-06-26 06:49:51.871651,HH_097,0.649,20.9,48.4,False,5
2025-06-26 06:49:51.871651,HH_098,1.035,20.9,48.4,False,5
2025-06-26 06:49:51.871651,HH_099,0.68,20.9,48.4,False,5
2025-06-26 07:49:51.871651,HH_000,2.635,21.9,54.7,False,6
2025-06-26 07:49:51.871651,HH_001,2.161,21.9,54.7,False,6
2025-06-26 07:49:51.871651,HH_002,2.205,21.9,54.7,False,6
2025-06-26 07:49:51.871651,HH_003,2.03,21.9,54.7,False,6
2025-06-26 07:49:51.871651,HH_004,2.242,21.9,54.7,False,6
2025-06-26 07:49:51.871651,HH_005,2.425,21.9,54.7,False,6
2025-06-26 07:49:51.871651,HH_006,2.241,21.9,54.7,False,6
2025-06-26 07:49:51.871651,HH_007,2.244,21.9,54.7,False,6
2025-06-26 07:49:51.871651,HH_008,2.315,21.9,54.7,False,6
2025-06-26 07:49:51.871651,HH_009,2.674,21.9,54.7,False,6
2025-06-26 07:49:51.871651,HH_010,2.241,21.9,54.7,False,6
2025-06-26 07:49:51.871651,HH_011,2.125,21.9,54.7,False,6
2025-06-26 07:49:51.871651,HH_012,2.283,21.9,54.7,False,6
2025-06-26 07:49:51.871651,HH_013,2.43,21.9,54.7,False,6
2025-06-26 07:49:51.871651,HH_014,2.304,21.9,54.7,False,6
2025-06-26 07:49:51.871651,HH_015,2.28,21.9,54.7,False,6
2025-06-26 07:49:51.871651,HH_016,2.287,21.9,54.7,False,6
2025-06-26 07:49:51.871651,HH_017,2.29,21.9,54.7,False,6
2025-06-26 07:49:51.871651,HH_018,2.471,21.9,54.7,False,6
2025-06-26 07:49:51.871651,HH_019,2.081,21.9,54.7,False,6
2025-06-26 07:49:51.871651,HH_020,2.216,21.9,54.7,False,6
2025-06-26 07:49:51.871651,HH_021,2.425,21.9,54.7,False,6
2025-06-26 07:49:51.871651,HH_022,2.029,21.9,54.7,False,6
2025-06-26 07:49:51.871651,HH_023,2.43,21.9,54.7,False,6
2025-06-26 07:49:51.871651,HH_024,2.056,21.9,54.7,False,6
2025-06-26 07:49:51.871651,HH_025,2.499,21.9,54.7,False,6
2025-06-26 07:49:51.871651,HH_026,2.518,21.9,54.7,False,6
2025-06-26 07:49:51.871651,HH_027,1.933,21.9,54.7,False,6
2025-06-26 07:49:51.871651,HH_028,2.405,21.9,54.7,False,6
2025-06-26 07:49:51.871651,HH_029,2.649,21.9,54.7,False,6
2025-06-26 07:49:51.871651,HH_030,2.415,21.9,54.7,False,6
2025-06-26 07:49:51.871651,HH_031,2.812,21.9,54.7,False,6
2025-06-26 07:49:51.871651,HH_032,2.368,21.9,54.7,False,6
2025-06-26 07:49:51.871651,HH_033,1.505,21.9,54.7,False,6
2025-06-26 07:49:51.871651,HH_034,2.4,21.9,54.7,False,6
2025-06-26 07:49:51.871651,HH_035,2.242,21.9,54.7,False,6
2025-06-26 07:49:51.871651,HH_036,2.693,21.9,54.7,False,6
2025-06-26 07:49:51.871651,HH_037,2.625,21.9,54.7,False,6
2025-06-26 07:49:51.871651,HH_038,1.956,21.9,54.7,False,6
2025-06-26 07:49:51.871651,HH_039,2.157,21.9,54.7,False,6
2025-06-26 07:49:51.871651,HH_040,2.648,21.9,54.7,False,6
2025-06-26 07:49:51.871651,HH_041,2.41,21.9,54.7,False,6
2025-06-26 07:49:51.871651,HH_042,2.099,21.9,54.7,False,6
2025-06-26 07:49:51.871651,HH_043,2.16,21.9,54.7,False,6
2025-06-26 07:49:51.871651,HH_044,2.221,21.9,54.7,False,6
2025-06-26 07:49:51.871651,HH_045,2.278,21.9,54.7,False,6
2025-06-26 07:49:51.871651,HH_046,2.177,21.9,54.7,False,6
2025-06-26 07:49:51.871651,HH_047,2.656,21.9,54.7,False,6
2025-06-26 07:49:51.871651,HH_048,2.726,21.9,54.7,False,6
2025-06-26 07:49:51.871651,HH_049,2.069,21.9,54.7,False,6
2025-06-26 07:49:51.871651,HH_050,2.219,21.9,54.7,False,6
2025-06-26 07:49:51.871651,HH_051,2.294,21.9,54.7,False,6
2025-06-26 07:49:51.871651,HH_052,2.462,21.9,54.7,False,6
2025-06-26 07:49:51.871651,HH_053,2.432,21.9,54.7,False,6
2025-06-26 07:49:51.871651,HH_054,2.325,21.9,54.7,False,6
2025-06-26 07:49:51.871651,HH_055,2.324,21.9,54.7,False,6
2025-06-26 07:49:51.871651,HH_056,2.494,21.9,54.7,False,6
2025-06-26 07:49:51.871651,HH_057,2.347,21.9,54.7,False,6
2025-06-26 07:49:51.871651,HH_058,2.339,21.9,54.7,False,6
2025-06-26 07:49:51.871651,HH_059,2.111,21.9,54.7,False,6
2025-06-26 07:49:51.871651,HH_060,2.417,21.9,54.7,False,6
2025-06-26 07:49:51.871651,HH_061,2.41,21.9,54.7,False,6
2025-06-26 07:49:51.871651,HH_062,2.305,21.9,54.7,False,6
2025-06-26 07:49:51.871651,HH_063,2.306,21.9,54.7,False,6
2025-06-26 07:49:51.871651,HH_064,2.411,21.9,54.7,False,6
2025-06-26 07:49:51.871651,HH_065,2.49,21.9,54.7,False,6
2025-06-26 07:49:51.871651,HH_066,2.232,21.9,54.7,False,6
2025-06-26 07:49:51.871651,HH_067,2.539,21.9,54.7,False,6
2025-06-26 07:49:51.871651,HH_068,1.783,21.9,54.7,False,6
2025-06-26 07:49:51.871651,HH_069,2.42,21.9,54.7,False,6
2025-06-26 07:49:51.871651,HH_070,2.356,21.9,54.7,False,6
2025-06-26 07:49:51.871651,HH_071,2.361,21.9,54.7,False,6
2025-06-26 07:49:51.871651,HH_072,2.301,21.9,54.7,False,6
2025-06-26 07:49:51.871651,HH_073,2.44,21.9,54.7,False,6
2025-06-26 07:49:51.871651,HH_074,2.267,21.9,54.7,False,6
2025-06-26 07:49:51.871651,HH_075,2.813,21.9,54.7,False,6
2025-06-26 07:49:51.871651,HH_076,2.62,21.9,54.7,False,6
2025-06-26 07:49:51.871651,HH_077,2.265,21.9,54.7,False,6
2025-06-26 07:49:51.871651,HH_078,2.289,21.9,54.7,False,6
2025-06-26 07:49:51.871651,HH_079,2.516,21.9,54.7,False,6
2025-06-26 07:49:51.871651,HH_080,2.391,21.9,54.7,False,6
2025-06-26 07:49:51.871651,HH_081,2.699,21.9,54.7,False,6
2025-06-26 07:49:51.871651,HH_082,2.49,21.9,54.7,False,6
2025-06-26 07:49:51.871651,HH_083,2.278,21.9,54.7,False,6
2025-06-26 07:49:51.871651,HH_084,2.091,21.9,54.7,False,6
2025-06-26 07:49:51.871651,HH_085,2.288,21.9,54.7,False,6
2025-06-26 07:49:51.871651,HH_086,2.35,21.9,54.7,False,6
2025-06-26 07:49:51.871651,HH_087,2.176,21.9,54.7,False,6
2025-06-26 07:49:51.871651,HH_088,2.65,21.9,54.7,False,6
2025-06-26 07:49:51.871651,HH_089,2.264,21.9,54.7,False,6
2025-06-26 07:49:51.871651,HH_090,2.154,21.9,54.7,False,6
2025-06-26 07:49:51.871651,HH_091,2.194,21.9,54.7,False,6
2025-06-26 07:49:51.871651,HH_092,2.337,21.9,54.7,False,6
2025-06-26 07:49:51.871651,HH_093,2.222,21.9,54.7,False,6
2025-06-26 07:49:51.871651,HH_094,2.26,21.9,54.7,False,6
2025-06-26 07:49:51.871651,HH_095,2.341,21.9,54.7,False,6
2025-06-26 07:49:51.871651,HH_096,2.233,21.9,54.7,False,6
2025-06-26 07:49:51.871651,HH_097,1.988,21.9,54.7,False,6
2025-06-26 07:49:51.871651,HH_098,2.535,21.9,54.7,False,6
2025-06-26 07:49:51.871651,HH_099,2.463,21.9,54.7,False,6
2025-06-26 08:49:51.871651,HH_000,3.473,18.9,54.8,False,7
2025-06-26 08:49:51.871651,HH_001,3.128,18.9,54.8,False,7
2025-06-26 08:49:51.871651,HH_002,3.294,18.9,54.8,False,7
2025-06-26 08:49:51.871651,HH_003,3.487,18.9,54.8,False,7
2025-06-26 08:49:51.871651,HH_004,3.306,18.9,54.8,False,7
2025-06-26 08:49:51.871651,HH_005,2.959,18.9,54.8,False,7
2025-06-26 08:49:51.871651,HH_006,3.269,18.9,54.8,False,7
2025-06-26 08:49:51.871651,HH_007,3.356,18.9,54.8,False,7
2025-06-26 08:49:51.871651,HH_008,3.212,18.9,54.8,False,7
2025-06-26 08:49:51.871651,HH_009,3.166,18.9,54.8,False,7
2025-06-26 08:49:51.871651,HH_010,3.401,18.9,54.8,False,7
2025-06-26 08:49:51.871651,HH_011,3.152,18.9,54.8,False,7
2025-06-26 08:49:51.871651,HH_012,2.884,18.9,54.8,False,7
2025-06-26 08:49:51.871651,HH_013,2.972,18.9,54.8,False,7
2025-06-26 08:49:51.871651,HH_014,3.338,18.9,54.8,False,7
2025-06-26 08:49:51.871651,HH_015,2.916,18.9,54.8,False,7
2025-06-26 08:49:51.871651,HH_016,3.257,18.9,54.8,False,7
2025-06-26 08:49:51.871651,HH_017,2.711,18.9,54.8,False,7
2025-06-26 08:49:51.871651,HH_018,3.434,18.9,54.8,False,7
2025-06-26 08:49:51.871651,HH_019,3.344,18.9,54.8,False,7
2025-06-26 08:49:51.871651,HH_020,3.073,18.9,54.8,False,7
2025-06-26 08:49:51.871651,HH_021,3.142,18.9,54.8,False,7
2025-06-26 08:49:51.871651,HH_022,3.405,18.9,54.8,False,7
2025-06-26 08:49:51.871651,HH_023,3.606,18.9,54.8,False,7
2025-06-26 08:49:51.871651,HH_024,3.137,18.9,54.8,False,7
2025-06-26 08:49:51.871651,HH_025,3.156,18.9,54.8,False,7
2025-06-26 08:49:51.871651,HH_026,3.609,18.9,54.8,False,7
2025-06-26 08:49:51.871651,HH_027,3.351,18.9,54.8,False,7
2025-06-26 08:49:51.871651,HH_028,3.133,18.9,54.8,False,7
2025-06-26 08:49:51.871651,HH_029,3.382,18.9,54.8,False,7
2025-06-26 08:49:51.871651,HH_030,3.555,18.9,54.8,False,7
2025-06-26 08:49:51.871651,HH_031,3.407,18.9,54.8,False,7
2025-06-26 08:49:51.871651,HH_032,3.1,18.9,54.8,False,7
2025-06-26 08:49:51.871651,HH_033,3.05,18.9,54.8,False,7
2025-06-26 08:49:51.871651,HH_034,3.237,18.9,54.8,False,7
2025-06-26 08:49:51.871651,HH_035,3.234,18.9,54.8,False,7
2025-06-26 08:49:51.871651,HH_036,3.539,18.9,54.8,False,7
2025-06-26 08:49:51.871651,HH_037,3.162,18.9,54.8,False,7
2025-06-26 08:49:51.871651,HH_038,3.633,18.9,54.8,False,7
2025-06-26 08:49:51.871651,HH_039,3.19,18.9,54.8,False,7
2025-06-26 08:49:51.871651,HH_040,3.305,18.9,54.8,False,7
2025-06-26 08:49:51.871651,HH_041,3.409,18.9,54.8,False,7
2025-06-26 08:49:51.871651,HH_042,3.063,18.9,54.8,False,7
2025-06-26 08:49:51.871651,HH_043,3.324,18.9,54.8,False,7
2025-06-26 08:49:51.871651,HH_044,3.233,18.9,54.8,False,7
2025-06-26 08:49:51.871651,HH_045,3.149,18.9,54.8,False,7
2025-06-26 08:49:51.871651,HH_046,3.392,18.9,54.8,False,7
2025-06-26 08:49:51.871651,HH_047,3.232,18.9,54.8,False,7
2025-06-26 08:49:51.871651,HH_048,3.501,18.9,54.8,False,7
2025-06-26 08:49:51.871651,HH_049,3.545,18.9,54.8,False,7
2025-06-26 08:49:51.871651,HH_050,3.092,18.9,54.8,False,7
2025-06-26 08:49:51.871651,HH_051,2.715,18.9,54.8,False,7
2025-06-26 08:49:51.871651,HH_052,3.063,18.9,54.8,False,7
2025-06-26 08:49:51.871651,HH_053,3.269,18.9,54.8,False,7
2025-06-26 08:49:51.871651,HH_054,3.315,18.9,54.8,False,7
2025-06-26 08:49:51.871651,HH_055,3.129,18.9,54.8,False,7
2025-06-26 08:49:51.871651,HH_056,3.284,18.9,54.8,False,7
2025-06-26 08:49:51.871651,HH_057,3.056,18.9,54.8,False,7
2025-06-26 08:49:51.871651,HH_058,3.238,18.9,54.8,False,7
2025-06-26 08:49:51.871651,HH_059,3.359,18.9,54.8,False,7
2025-06-26 08:49:51.871651,HH_060,3.399,18.9,54.8,False,7
2025-06-26 08:49:51.871651,HH_061,3.034,18.9,54.8,False,7
2025-06-26 08:49:51.871651,HH_062,3.637,18.9,54.8,False,7
2025-06-26 08:49:51.871651,HH_063,3.592,18.9,54.8,False,7
2025-06-26 08:49:51.871651,HH_064,3.469,18.9,54.8,False,7
2025-06-26 08:49:51.871651,HH_065,3.159,18.9,54.8,False,7
2025-06-26 08:49:51.871651,HH_066,3.401,18.9,54.8,False,7
2025-06-26 08:49:51.871651,HH_067,3.258,18.9,54.8,False,7
2025-06-26 08:49:51.871651,HH_068,3.406,18.9,54.8,False,7
2025-06-26 08:49:51.871651,HH_069,3.324,18.9,54.8,False,7
2025-06-26 08:49:51.871651,HH_070,3.357,18.9,54.8,False,7
2025-06-26 08:49:51.871651,HH_071,3.093,18.9,54.8,False,7
2025-06-26 08:49:51.871651,HH_072,3.141,18.9,54.8,False,7
2025-06-26 08:49:51.871651,HH_073,3.09,18.9,54.8,False,7
2025-06-26 08:49:51.871651,HH_074,3.346,18.9,54.8,False,7
2025-06-26 08:49:51.871651,HH_075,3.345,18.9,54.8,False,7
2025-06-26 08:49:51.871651,HH_076,3.172,18.9,54.8,False,7
2025-06-26 08:49:51.871651,HH_077,3.367,18.9,54.8,False,7
2025-06-26 08:49:51.871651,HH_078,3.219,18.9,54.8,False,7
2025-06-26 08:49:51.871651,HH_079,3.16,18.9,54.8,False,7
2025-06-26 08:49:51.871651,HH_080,3.29,18.9,54.8,False,7
2025-06-26 08:49:51.871651,HH_081,3.228,18.9,54.8,False,7
2025-06-26 08:49:51.871651,HH_082,3.339,18.9,54.8,False,7
2025-06-26 08:49:51.871651,HH_083,3.497,18.9,54.8,False,7
2025-06-26 08:49:51.871651,HH_084,2.982,18.9,54.8,False,7
2025-06-26 08:49:51.871651,HH_085,3.326,18.9,54.8,False,7
2025-06-26 08:49:51.871651,HH_086,2.876,18.9,54.8,False,7
2025-06-26 08:49:51.871651,HH_087,3.345,18.9,54.8,False,7
2025-06-26 08:49:51.871651,HH_088,3.533,18.9,54.8,False,7
2025-06-26 08:49:51.871651,HH_089,3.38,18.9,54.8,False,7
2025-06-26 08:49:51.871651,HH_090,3.275,18.9,54.8,False,7
2025-06-26 08:49:51.871651,HH_091,3.447,18.9,54.8,False,7
2025-06-26 08:49:51.871651,HH_092,3.359,18.9,54.8,False,7
2025-06-26 08:49:51.871651,HH_093,3.22,18.9,54.8,False,7
2025-06-26 08:49:51.871651,HH_094,3.428,18.9,54.8,False,7
2025-06-26 08:49:51.871651,HH_095,3.288,18.9,54.8,False,7
2025-06-26 08:49:51.871651,HH_096,3.365,18.9,54.8,False,7
2025-06-26 08:49:51.871651,HH_097,2.903,18.9,54.8,False,7
2025-06-26 08:49:51.871651,HH_098,3.498,18.9,54.8,False,7
2025-06-26 08:49:51.871651,HH_099,3.463,18.9,54.8,False,7
2025-06-26 09:49:51.871651,HH_000,2.641,22.7,51.2,False,8
2025-06-26 09:49:51.871651,HH_001,2.615,22.7,51.2,False,8
2025-06-26 09:49:51.871651,HH_002,2.332,22.7,51.2,False,8
2025-06-26 09:49:51.871651,HH_003,2.375,22.7,51.2,False,8
2025-06-26 09:49:51.871651,HH_004,2.762,22.7,51.2,False,8
2025-06-26 09:49:51.871651,HH_005,2.724,22.7,51.2,False,8
2025-06-26 09:49:51.871651,HH_006,2.447,22.7,51.2,False,8
2025-06-26 09:49:51.871651,HH_007,2.788,22.7,51.2,False,8
2025-06-26 09:49:51.871651,HH_008,2.736,22.7,51.2,False,8
2025-06-26 09:49:51.871651,HH_009,2.494,22.7,51.2,False,8
2025-06-26 09:49:51.871651,HH_010,2.824,22.7,51.2,False,8
2025-06-26 09:49:51.871651,HH_011,2.428,22.7,51.2,False,8
2025-06-26 09:49:51.871651,HH_012,2.343,22.7,51.2,False,8
2025-06-26 09:49:51.871651,HH_013,2.796,22.7,51.2,False,8
2025-06-26 09:49:51.871651,HH_014,2.556,22.7,51.2,False,8
2025-06-26 09:49:51.871651,HH_015,2.357,22.7,51.2,False,8
2025-06-26 09:49:51.871651,HH_016,2.54,22.7,51.2,False,8
2025-06-26 09:49:51.871651,HH_017,2.358,22.7,51.2,False,8
2025-06-26 09:49:51.871651,HH_018,2.715,22.7,51.2,False,8
2025-06-26 09:49:51.871651,HH_019,2.359,22.7,51.2,False,8
2025-06-26 09:49:51.871651,HH_020,2.772,22.7,51.2,False,8
2025-06-26 09:49:51.871651,HH_021,2.973,22.7,51.2,False,8
2025-06-26 09:49:51.871651,HH_022,2.551,22.7,51.2,False,8
2025-06-26 09:49:51.871651,HH_023,2.47,22.7,51.2,False,8
2025-06-26 09:49:51.871651,HH_024,2.319,22.7,51.2,False,8
2025-06-26 09:49:51.871651,HH_025,2.769,22.7,51.2,False,8
2025-06-26 09:49:51.871651,HH_026,2.81,22.7,51.2,False,8
2025-06-26 09:49:51.871651,HH_027,2.587,22.7,51.2,False,8
2025-06-26 09:49:51.871651,HH_028,2.352,22.7,51.2,False,8
2025-06-26 09:49:51.871651,HH_029,2.822,22.7,51.2,False,8
2025-06-26 09:49:51.871651,HH_030,2.347,22.7,51.2,False,8
2025-06-26 09:49:51.871651,HH_031,2.077,22.7,51.2,False,8
2025-06-26 09:49:51.871651,HH_032,2.793,22.7,51.2,False,8
2025-06-26 09:49:51.871651,HH_033,2.833,22.7,51.2,False,8
2025-06-26 09:49:51.871651,HH_034,2.762,22.7,51.2,False,8
2025-06-26 09:49:51.871651,HH_035,2.924,22.7,51.2,False,8
2025-06-26 09:49:51.871651,HH_036,2.813,22.7,51.2,False,8
2025-06-26 09:49:51.871651,HH_037,2.687,22.7,51.2,False,8
2025-06-26 09:49:51.871651,HH_038,2.667,22.7,51.2,False,8
2025-06-26 09:49:51.871651,HH_039,2.572,22.7,51.2,False,8
2025-06-26 09:49:51.871651,HH_040,2.35,22.7,51.2,False,8
2025-06-26 09:49:51.871651,HH_041,2.658,22.7,51.2,False,8
2025-06-26 09:49:51.871651,HH_042,2.651,22.7,51.2,False,8
2025-06-26 09:49:51.871651,HH_043,2.291,22.7,51.2,False,8
2025-06-26 09:49:51.871651,HH_044,2.536,22.7,51.2,False,8
2025-06-26 09:49:51.871651,HH_045,2.939,22.7,51.2,False,8
2025-06-26 09:49:51.871651,HH_046,2.242,22.7,51.2,False,8
2025-06-26 09:49:51.871651,HH_047,2.476,22.7,51.2,False,8
2025-06-26 09:49:51.871651,HH_048,2.817,22.7,51.2,False,8
2025-06-26 09:49:51.871651,HH_049,2.577,22.7,51.2,False,8
2025-06-26 09:49:51.871651,HH_050,2.585,22.7,51.2,False,8
2025-06-26 09:49:51.871651,HH_051,2.366,22.7,51.2,False,8
2025-06-26 09:49:51.871651,HH_052,2.985,22.7,51.2,False,8
2025-06-26 09:49:51.871651,HH_053,2.671,22.7,51.2,False,8
2025-06-26 09:49:51.871651,HH_054,2.639,22.7,51.2,False,8
2025-06-26 09:49:51.871651,HH_055,2.579,22.7,51.2,False,8
2025-06-26 09:49:51.871651,HH_056,2.69,22.7,51.2,False,8
2025-06-26 09:49:51.871651,HH_057,2.698,22.7,51.2,False,8
2025-06-26 09:49:51.871651,HH_058,2.665,22.7,51.2,False,8
2025-06-26 09:49:51.871651,HH_059,2.556,22.7,51.2,False,8
2025-06-26 09:49:51.871651,HH_060,2.404,22.7,51.2,False,8
2025-06-26 09:49:51.871651,HH_061,2.333,22.7,51.2,False,8
2025-06-26 09:49:51.871651,HH_062,2.48,22.7,51.2,False,8
2025-06-26 09:49:51.871651,HH_063,2.392,22.7,51.2,False,8
2025-06-26 09:49:51.871651,HH_064,2.711,22.7,51.2,False,8
2025-06-26 09:49:51.871651,HH_065,2.714,22.7,51.2,False,8
2025-06-26 09:49:51.871651,HH_066,2.515,22.7,51.2,False,8
2025-06-26 09:49:51.871651,HH_067,2.561,22.7,51.2,False,8
2025-06-26 09:49:51.871651,HH_068,2.533,22.7,51.2,False,8
2025-06-26 09:49:51.871651,HH_069,2.604,22.7,51.2,False,8
2025-06-26 09:49:51.871651,HH_070,2.388,22.7,51.2,False,8
2025-06-26 09:49:51.871651,HH_071,2.61,22.7,51.2,False,8
2025-06-26 09:49:51.871651,HH_072,2.915,22.7,51.2,False,8
2025-06-26 09:49:51.871651,HH_073,2.587,22.7,51.2,False,8
2025-06-26 09:49:51.871651,HH_074,2.501,22.7,51.2,False,8
2025-06-26 09:49:51.871651,HH_075,2.212,22.7,51.2,False,8
2025-06-26 09:49:51.871651,HH_076,2.632,22.7,51.2,False,8
2025-06-26 09:49:51.871651,HH_077,3.163,22.7,51.2,False,8
2025-06-26 09:49:51.871651,HH_078,2.642,22.7,51.2,False,8
2025-06-26 09:49:51.871651,HH_079,2.653,22.7,51.2,False,8
2025-06-26 09:49:51.871651,HH_080,2.539,22.7,51.2,False,8
2025-06-26 09:49:51.871651,HH_081,2.499,22.7,51.2,False,8
2025-06-26 09:49:51.871651,HH_082,2.773,22.7,51.2,False,8
2025-06-26 09:49:51.871651,HH_083,2.494,22.7,51.2,False,8
2025-06-26 09:49:51.871651,HH_084,2.886,22.7,51.2,False,8
2025-06-26 09:49:51.871651,HH_085,2.865,22.7,51.2,False,8
2025-06-26 09:49:51.871651,HH_086,2.191,22.7,51.2,False,8
2025-06-26 09:49:51.871651,HH_087,2.377,22.7,51.2,False,8
2025-06-26 09:49:51.871651,HH_088,2.355,22.7,51.2,False,8
2025-06-26 09:49:51.871651,HH_089,2.846,22.7,51.2,False,8
2025-06-26 09:49:51.871651,HH_090,2.629,22.7,51.2,False,8
2025-06-26 09:49:51.871651,HH_091,2.508,22.7,51.2,False,8
2025-06-26 09:49:51.871651,HH_092,2.513,22.7,51.2,False,8
2025-06-26 09:49:51.871651,HH_093,2.472,22.7,51.2,False,8
2025-06-26 09:49:51.871651,HH_094,2.471,22.7,51.2,False,8
2025-06-26 09:49:51.871651,HH_095,2.487,22.7,51.2,False,8
2025-06-26 09:49:51.871651,HH_096,2.667,22.7,51.2,False,8
2025-06-26 09:49:51.871651,HH_097,2.804,22.7,51.2,False,8
2025-06-26 09:49:51.871651,HH_098,2.527,22.7,51.2,False,8
2025-06-26 09:49:51.871651,HH_099,2.522,22.7,51.2,False,8
2025-06-26 10:49:51.871651,HH_000,2.405,20.3,48.9,False,9
2025-06-26 10:49:51.871651,HH_001,2.753,20.3,48.9,False,9
2025-06-26 10:49:51.871651,HH_002,2.719,20.3,48.9,False,9
2025-06-26 10:49:51.871651,HH_003,2.534,20.3,48.9,False,9
2025-06-26 10:49:51.871651,HH_004,2.307,20.3,48.9,False,9
2025-06-26 10:49:51.871651,HH_005,2.545,20.3,48.9,False,9
2025-06-26 10:49:51.871651,HH_006,2.406,20.3,48.9,False,9
2025-06-26 10:49:51.871651,HH_007,2.357,20.3,48.9,False,9
2025-06-26 10:49:51.871651,HH_008,2.736,20.3,48.9,False,9
2025-06-26 10:49:51.871651,HH_009,2.306,20.3,48.9,False,9
2025-06-26 10:49:51.871651,HH_010,2.694,20.3,48.9,False,9
2025-06-26 10:49:51.871651,HH_011,2.376,20.3,48.9,False,9
2025-06-26 10:49:51.871651,HH_012,2.662,20.3,48.9,False,9
2025-06-26 10:49:51.871651,HH_013,3.047,20.3,48.9,False,9
2025-06-26 10:49:51.871651,HH_014,2.61,20.3,48.9,False,9
2025-06-26 10:49:51.871651,HH_015,3.085,20.3,48.9,False,9
2025-06-26 10:49:51.871651,HH_016,2.626,20.3,48.9,False,9
2025-06-26 10:49:51.871651,HH_017,2.388,20.3,48.9,False,9
2025-06-26 10:49:51.871651,HH_018,2.964,20.3,48.9,False,9
2025-06-26 10:49:51.871651,HH_019,2.551,20.3,48.9,False,9
2025-06-26 10:49:51.871651,HH_020,2.308,20.3,48.9,False,9
2025-06-26 10:49:51.871651,HH_021,2.318,20.3,48.9,False,9
2025-06-26 10:49:51.871651,HH_022,2.544,20.3,48.9,False,9
2025-06-26 10:49:51.871651,HH_023,2.55,20.3,48.9,False,9
2025-06-26 10:49:51.871651,HH_024,2.354,20.3,48.9,False,9
2025-06-26 10:49:51.871651,HH_025,2.944,20.3,48.9,False,9
2025-06-26 10:49:51.871651,HH_026,2.375,20.3,48.9,False,9
2025-06-26 10:49:51.871651,HH_027,2.181,20.3,48.9,False,9
2025-06-26 10:49:51.871651,HH_028,2.74,20.3,48.9,False,9
2025-06-26 10:49:51.871651,HH_029,2.759,20.3,48.9,False,9
2025-06-26 10:49:51.871651,HH_030,2.681,20.3,48.9,False,9
2025-06-26 10:49:51.871651,HH_031,2.865,20.3,48.9,False,9
2025-06-26 10:49:51.871651,HH_032,2.581,20.3,48.9,False,9
2025-06-26 10:49:51.871651,HH_033,2.324,20.3,48.9,False,9
2025-06-26 10:49:51.871651,HH_034,2.481,20.3,48.9,False,9
2025-06-26 10:49:51.871651,HH_035,2.556,20.3,48.9,False,9
2025-06-26 10:49:51.871651,HH_036,3.036,20.3,48.9,False,9
2025-06-26 10:49:51.871651,HH_037,2.613,20.3,48.9,False,9
2025-06-26 10:49:51.871651,HH_038,2.534,20.3,48.9,False,9
2025-06-26 10:49:51.871651,HH_039,2.751,20.3,48.9,False,9
2025-06-26 10:49:51.871651,HH_040,2.194,20.3,48.9,False,9
2025-06-26 10:49:51.871651,HH_041,2.307,20.3,48.9,False,9
2025-06-26 10:49:51.871651,HH_042,2.874,20.3,48.9,False,9
2025-06-26 10:49:51.871651,HH_043,2.781,20.3,48.9,False,9
2025-06-26 10:49:51.871651,HH_044,2.393,20.3,48.9,False,9
2025-06-26 10:49:51.871651,HH_045,2.359,20.3,48.9,False,9
2025-06-26 10:49:51.871651,HH_046,2.321,20.3,48.9,False,9
2025-06-26 10:49:51.871651,HH_047,2.507,20.3,48.9,False,9
2025-06-26 10:49:51.871651,HH_048,2.629,20.3,48.9,False,9
2025-06-26 10:49:51.871651,HH_049,2.471,20.3,48.9,False,9
2025-06-26 10:49:51.871651,HH_050,2.598,20.3,48.9,False,9
2025-06-26 10:49:51.871651,HH_051,2.475,20.3,48.9,False,9
2025-06-26 10:49:51.871651,HH_052,2.578,20.3,48.9,False,9
2025-06-26 10:49:51.871651,HH_053,2.646,20.3,48.9,False,9
2025-06-26 10:49:51.871651,HH_054,2.8,20.3,48.9,False,9
2025-06-26 10:49:51.871651,HH_055,2.964,20.3,48.9,False,9
2025-06-26 10:49:51.871651,HH_056,2.52,20.3,48.9,False,9
2025-06-26 10:49:51.871651,HH_057,2.871,20.3,48.9,False,9
2025-06-26 10:49:51.871651,HH_058,2.448,20.3,48.9,False,9
2025-06-26 10:49:51.871651,HH_059,2.706,20.3,48.9,False,9
2025-06-26 10:49:51.871651,HH_060,2.649,20.3,48.9,False,9
2025-06-26 10:49:51.871651,HH_061,2.68,20.3,48.9,False,9
2025-06-26 10:49:51.871651,HH_062,2.702,20.3,48.9,False,9
2025-06-26 10:49:51.871651,HH_063,2.762,20.3,48.9,False,9
2025-06-26 10:49:51.871651,HH_064,2.812,20.3,48.9,False,9
2025-06-26 10:49:51.871651,HH_065,2.587,20.3,48.9,False,9
2025-06-26 10:49:51.871651,HH_066,2.389,20.3,48.9,False,9
2025-06-26 10:49:51.871651,HH_067,2.831,20.3,48.9,False,9
2025-06-26 10:49:51.871651,HH_068,2.349,20.3,48.9,False,9
2025-06-26 10:49:51.871651,HH_069,2.523,20.3,48.9,False,9
2025-06-26 10:49:51.871651,HH_070,2.923,20.3,48.9,False,9
2025-06-26 10:49:51.871651,HH_071,2.806,20.3,48.9,False,9
2025-06-26 10:49:51.871651,HH_072,2.789,20.3,48.9,False,9
2025-06-26 10:49:51.871651,HH_073,2.645,20.3,48.9,False,9
2025-06-26 10:49:51.871651,HH_074,2.848,20.3,48.9,False,9
2025-06-26 10:49:51.871651,HH_075,2.747,20.3,48.9,False,9
2025-06-26 10:49:51.871651,HH_076,2.281,20.3,48.9,False,9
2025-06-26 10:49:51.871651,HH_077,2.677,20.3,48.9,False,9
2025-06-26 10:49:51.871651,HH_078,2.974,20.3,48.9,False,9
2025-06-26 10:49:51.871651,HH_079,2.551,20.3,48.9,False,9
2025-06-26 10:49:51.871651,HH_080,2.43,20.3,48.9,False,9
2025-06-26 10:49:51.871651,HH_081,2.429,20.3,48.9,False,9
2025-06-26 10:49:51.871651,HH_082,2.247,20.3,48.9,False,9
2025-06-26 10:49:51.871651,HH_083,2.503,20.3,48.9,False,9
2025-06-26 10:49:51.871651,HH_084,2.605,20.3,48.9,False,9
2025-06-26 10:49:51.871651,HH_085,2.806,20.3,48.9,False,9
2025-06-26 10:49:51.871651,HH_086,2.459,20.3,48.9,False,9
2025-06-26 10:49:51.871651,HH_087,2.637,20.3,48.9,False,9
2025-06-26 10:49:51.871651,HH_088,2.656,20.3,48.9,False,9
2025-06-26 10:49:51.871651,HH_089,2.588,20.3,48.9,False,9
2025-06-26 10:49:51.871651,HH_090,2.525,20.3,48.9,False,9
2025-06-26 10:49:51.871651,HH_091,2.592,20.3,48.9,False,9
2025-06-26 10:49:51.871651,HH_092,2.389,20.3,48.9,False,9
2025-06-26 10:49:51.871651,HH_093,2.954,20.3,48.9,False,9
2025-06-26 10:49:51.871651,HH_094,2.937,20.3,48.9,False,9
2025-06-26 10:49:51.871651,HH_095,2.691,20.3,48.9,False,9
2025-06-26 10:49:51.871651,HH_096,2.623,20.3,48.9,False,9
2025-06-26 10:49:51.871651,HH_097,2.183,20.3,48.9,False,9
2025-06-26 10:49:51.871651,HH_098,2.709,20.3,48.9,False,9
2025-06-26 10:49:51.871651,HH_099,2.284,20.3,48.9,False,9
